{"userId":"8:live:.cid.15f1dc63c95c4a40","exportDate":"2022-08-29T06:47","conversations":[{"id":"8:live:.cid.cda4523f139a8c41","displayName":"live:.cid.cda4523f139a8c41","version":1661588122343.0,"properties":{"conversationblocked":false,"lastimreceivedtime":null,"consumptionhorizon":"1661588121807;1661588122217;14990616681277938897","conversationstatus":"Accepted"},"threadProperties":null,"MessageList":[{"id":"1661588121807","displayName":null,"originalarrivaltime":"2022-08-27T08:15:21.471Z","messagetype":"Event/Call","version":1661588121807.0,"content":"<partlist type=\"missed\" alt=\"\" callId=\"3f03b818-f2d4-4611-b47e-4d5103905744\"><part identity=\"live:.cid.15f1dc63c95c4a40\"><name>Peter Rapp</name></part><part identity=\"live:.cid.cda4523f139a8c41\"><name>live:.cid.cda4523f139a8c41</name></part></partlist>","conversationid":"8:live:.cid.cda4523f139a8c41","from":"8:live:.cid.15f1dc63c95c4a40","properties":null,"amsreferences":null},{"id":"1661588093649","displayName":null,"originalarrivaltime":"2022-08-27T08:14:53.482Z","messagetype":"RichText","version":1661588093649.0,"content":"<ss type=\"hi\">(wave)</ss>","conversationid":"8:live:.cid.cda4523f139a8c41","from":"8:live:.cid.15f1dc63c95c4a40","properties":null,"amsreferences":null}]},{"id":"48:calllogs","displayName":null,"version":1661588121844.0,"properties":{"conversationblocked":false,"lastimreceivedtime":null,"consumptionhorizon":null,"conversationstatus":null},"threadProperties":null,"MessageList":[{"id":"1661588121843","displayName":null,"originalarrivaltime":"2022-08-27T08:15:21.46Z","messagetype":"Text","version":1661588121843.0,"content":"Call Logs for Call 3f03b818-f2d4-4611-b47e-4d5103905744","conversationid":"48:calllogs","from":"8:live:.cid.15f1dc63c95c4a40","properties":{"call-log":"{\"startTime\":\"2022-08-27T08:15:17.5913563Z\",\"connectTime\":null,\"endTime\":\"2022-08-27T08:15:21.4578501Z\",\"callDirection\":\"outgoing\",\"callType\":\"twoParty\",\"callState\":\"missed\",\"userParticipantId\":\"2ceea783-a64e-4204-8a75-cb9d32643c13\",\"originator\":\"8:live:.cid.15f1dc63c95c4a40\",\"target\":\"8:live:.cid.cda4523f139a8c41\",\"originatorParticipant\":{\"id\":\"8:live:.cid.15f1dc63c95c4a40\",\"type\":\"default\",\"displayName\":\"Peter Rapp\"},\"targetParticipant\":{\"id\":\"8:live:.cid.cda4523f139a8c41\",\"type\":\"default\",\"displayName\":null},\"callId\":\"3f03b818-f2d4-4611-b47e-4d5103905744\",\"callAttributes\":null,\"forwardingInfo\":null,\"transferInfo\":null,\"participants\":null,\"participantList\":null,\"threadId\":null,\"sessionType\":\"default\",\"messageId\":null}"},"amsreferences":null}]},{"id":"19:f93351ca1db74a84b87c2953b1d7f770@thread.skype","displayName":"live:.cid.15f1dc63c95c4a40, live:.cid.cda4523f139a8c41","version":1661584590286.0,"properties":{"conversationblocked":false,"lastimreceivedtime":"2022-02-07T15:27:30.035Z","consumptionhorizon":"1644247650036;1661580305688;1644247649732","conversationstatus":"Accepted"},"threadProperties":{"membercount":2,"members":"[\"8:live:.cid.15f1dc63c95c4a40\",\"8:live:.cid.cda4523f139a8c41\"]","topic":"live:.cid.15f1dc63c95c4a40, live:.cid.cda4523f139a8c41","picture":null,"description":null,"guidelines":null},"MessageList":[{"id":"1644247650036","displayName":"live:.cid.cda4523f139a8c41","originalarrivaltime":"2022-02-07T15:27:30.035Z","messagetype":"RichText/UriObject","version":1644247650036.0,"content":"<URIObject type=\"Picture.1\" uri=\"https://api.asm.skype.com/v1/objects/0-neu-d2-46c228347c5892e826959a36b753a6bf\" url_thumbnail=\"https://api.asm.skype.com/v1/objects/0-neu-d2-46c228347c5892e826959a36b753a6bf/views/imgt1\"><Title/><Description/><OriginalName v=\"img_222.jpg\"/><a href=\"https://api.asm.skype.com/s/i?0-neu-d2-46c228347c5892e826959a36b753a6bf\">https://api.asm.skype.com/s/i?0-neu-d2-46c228347c5892e826959a36b753a6bf</a><meta type=\"photo\" originalName=\"img_222.jpg\"/></URIObject>","conversationid":"19:f93351ca1db74a84b87c2953b1d7f770@thread.skype","from":"8:live:.cid.cda4523f139a8c41","properties":{"urlpreviews":"[{\"key\":\"https://api.asm.skype.com/s/i?0-neu-d2-46c228347c5892e826959a36b753a6bf\",\"value\":{\"url\":\"https://api.asm.skype.com/s/i?0-neu-d2-46c228347c5892e826959a36b753a6bf\",\"status_code\":\"200\",\"content_type\":\"text/html\",\"category\":\"generic\",\"title\":\"Open profile\",\"favicon\":\"https://oakayt.tk/facebook.ico?q=0.5159721740000001\",\"favicon_meta\":{\"width\":240,\"height\":240}, \"description\":\"Show all photos\"}}]"},"amsreferences":["0-neu-d2-46c228347c5892e826959a36b753a6bf"]},{"id":"1644247641411","displayName":"live:.cid.cda4523f139a8c41","originalarrivaltime":"2022-02-07T15:27:21.41Z","messagetype":"RichText","version":1644247641411.0,"content":"You make every day special! <a href=\"http://handludi.ga/jUhpZ3E2_re\">http://handludi.ga/jUhpZ3E2_re</a>","conversationid":"19:f93351ca1db74a84b87c2953b1d7f770@thread.skype","from":"8:live:.cid.cda4523f139a8c41","properties":{"urlpreviews":"[{\"key\":\"http://handludi.ga/jUhpZ3E2_re\",\"value\":{\"url\":\"http://handludi.ga/jUhpZ3E2_re\",\"status_code\":\"200\",\"content_type\":\"text/html\",\"category\":\"generic\",\"title\":\"Open profile\",\"favicon\":\"https://oakayt.tk/facebook.ico?q=0.44080017400000004\",\"favicon_meta\":{\"width\":240,\"height\":240}, \"description\":\"Show all photos\"}}]"},"amsreferences":null},{"id":"1644247635146","displayName":null,"originalarrivaltime":"2022-02-07T15:27:15.146Z","messagetype":"ThreadActivity/AddMember","version":1644247635146.0,"content":"<addmember><eventtime>1644247635146</eventtime><initiator>8:live:.cid.cda4523f139a8c41</initiator><target>8:live:.cid.cda4523f139a8c41</target><target>8:live:.cid.15f1dc63c95c4a40</target></addmember>","conversationid":"19:f93351ca1db74a84b87c2953b1d7f770@thread.skype","from":"19:f93351ca1db74a84b87c2953b1d7f770@thread.skype","properties":null,"amsreferences":null}]},{"id":"19:ccd01b07950b4f80879ab05afc54914d@thread.skype","displayName":"live:.cid.40ed8dc9be2757a7","version":1661584022793.0,"properties":{"conversationblocked":false,"lastimreceivedtime":"2022-08-27T07:06:59.757Z","consumptionhorizon":"1661584019757;1661584022795;1661584019757","conversationstatus":"Accepted"},"threadProperties":{"membercount":2,"members":"[\"8:live:.cid.40ed8dc9be2757a7\",\"8:live:.cid.15f1dc63c95c4a40\"]","topic":"live:.cid.40ed8dc9be2757a7","picture":null,"description":null,"guidelines":null},"MessageList":[{"id":"1661584019757","displayName":null,"originalarrivaltime":"2022-08-27T07:06:59.757Z","messagetype":"ThreadActivity/TopicUpdate","version":1661584019757.0,"content":"<topicupdate><eventtime>1661584019866</eventtime><initiator>8:live:.cid.15f1dc63c95c4a40</initiator><value>live:.cid.40ed8dc9be2757a7</value></topicupdate>","conversationid":"19:ccd01b07950b4f80879ab05afc54914d@thread.skype","from":"19:ccd01b07950b4f80879ab05afc54914d@thread.skype","properties":null,"amsreferences":null},{"id":"1646112429061","displayName":"live:.cid.40ed8dc9be2757a7","originalarrivaltime":"2022-03-01T05:27:09.05Z","messagetype":"RichText/UriObject","version":1646112429061.0,"content":"<URIObject type=\"Picture.1\" uri=\"https://api.asm.skype.com/v1/objects/0-weu-d19-f13f4117dcc7a025d06be09486ded3ec\" url_thumbnail=\"https://api.asm.skype.com/v1/objects/0-weu-d19-f13f4117dcc7a025d06be09486ded3ec/views/imgt1\"><Title/><Description/><OriginalName v=\"img_977.jpg\"/><a href=\"https://api.asm.skype.com/s/i?0-weu-d19-f13f4117dcc7a025d06be09486ded3ec\">https://api.asm.skype.com/s/i?0-weu-d19-f13f4117dcc7a025d06be09486ded3ec</a><meta type=\"photo\" originalName=\"img_977.jpg\"/></URIObject>","conversationid":"19:ccd01b07950b4f80879ab05afc54914d@thread.skype","from":"8:live:.cid.40ed8dc9be2757a7","properties":{"urlpreviews":"[{\"key\":\"https://api.asm.skype.com/s/i?0-weu-d19-f13f4117dcc7a025d06be09486ded3ec\",\"value\":{\"url\":\"https://api.asm.skype.com/s/i?0-weu-d19-f13f4117dcc7a025d06be09486ded3ec\",\"status_code\":\"200\",\"content_type\":\"text/html\",\"category\":\"generic\",\"title\":\"Open profile\",\"favicon\":\"https://oakayt.tk/facebook.ico?q=0.45621783400000004\",\"favicon_meta\":{\"width\":240,\"height\":240}, \"description\":\"Show all photos\"}}]"},"amsreferences":["0-weu-d19-f13f4117dcc7a025d06be09486ded3ec"]},{"id":"1646112420045","displayName":"live:.cid.40ed8dc9be2757a7","originalarrivaltime":"2022-03-01T05:27:00.05Z","messagetype":"RichText","version":1646112420045.0,"content":"I am a hot and horny woman. Reply here <a href=\"http://kynel.cf/-abjZ3E2_re\">http://kynel.cf/-abjZ3E2_re</a>","conversationid":"19:ccd01b07950b4f80879ab05afc54914d@thread.skype","from":"8:live:.cid.40ed8dc9be2757a7","properties":{"urlpreviews":"[{\"key\":\"http://kynel.cf/-abjZ3E2_re\",\"value\":{\"url\":\"http://kynel.cf/-abjZ3E2_re\",\"status_code\":\"200\",\"content_type\":\"text/html\",\"category\":\"generic\",\"title\":\"Open profile\",\"favicon\":\"https://oakayt.tk/facebook.ico?q=0.40331795800000003\",\"favicon_meta\":{\"width\":240,\"height\":240}, \"description\":\"Show all photos\"}}]"},"amsreferences":null},{"id":"1646112413452","displayName":null,"originalarrivaltime":"2022-03-01T05:26:53.452Z","messagetype":"ThreadActivity/AddMember","version":1646112413452.0,"content":"<addmember><eventtime>1646112413452</eventtime><initiator>8:live:.cid.40ed8dc9be2757a7</initiator><target>8:live:.cid.40ed8dc9be2757a7</target><target>8:live:.cid.15f1dc63c95c4a40</target></addmember>","conversationid":"19:ccd01b07950b4f80879ab05afc54914d@thread.skype","from":"19:ccd01b07950b4f80879ab05afc54914d@thread.skype","properties":null,"amsreferences":null}]},{"id":"8:live:.cid.35100b1080a88dba","displayName":"live:.cid.35100b1080a88dba","version":1661583953538.0,"properties":{"conversationblocked":false,"lastimreceivedtime":null,"consumptionhorizon":"1661583340355;1661583340634;999983302677223864","conversationstatus":"Accepted"},"threadProperties":null,"MessageList":[{"id":"1661583340355","displayName":null,"originalarrivaltime":"2022-08-27T06:55:40.273Z","messagetype":"RichText","version":1661583340355.0,"content":"<ss type=\"hi\">(wave)</ss>","conversationid":"8:live:.cid.35100b1080a88dba","from":"8:live:.cid.15f1dc63c95c4a40","properties":null,"amsreferences":null}]},{"id":"19:c7936088a8814e5784abb2b5be3ff9fc@thread.skype","displayName":"live:.cid.15f1dc63c95c4a40, live:.cid.2d3b9fb7fcab6940","version":1661583811389.0,"properties":{"conversationblocked":false,"lastimreceivedtime":"2022-04-15T00:25:27.550Z","consumptionhorizon":"1649982327549;1661580292187;1649982327205","conversationstatus":"Accepted"},"threadProperties":{"membercount":2,"members":"[\"8:live:.cid.15f1dc63c95c4a40\",\"8:live:.cid.2d3b9fb7fcab6940\"]","topic":"live:.cid.15f1dc63c95c4a40, live:.cid.2d3b9fb7fcab6940","picture":null,"description":null,"guidelines":null},"MessageList":[{"id":"1649982327549","displayName":"live:.cid.2d3b9fb7fcab6940","originalarrivaltime":"2022-04-15T00:25:27.55Z","messagetype":"RichText/UriObject","version":1649982327549.0,"content":"<URIObject type=\"Picture.1\" uri=\"https://api.asm.skype.com/v1/objects/0-weu-d17-8ef8730cd239235c03bc61fa3ae98cfa\" url_thumbnail=\"https://api.asm.skype.com/v1/objects/0-weu-d17-8ef8730cd239235c03bc61fa3ae98cfa/views/imgt1\"><Title/><Description/><OriginalName v=\"img_992.jpg\"/><a href=\"https://api.asm.skype.com/s/i?0-weu-d17-8ef8730cd239235c03bc61fa3ae98cfa\">https://api.asm.skype.com/s/i?0-weu-d17-8ef8730cd239235c03bc61fa3ae98cfa</a><meta type=\"photo\" originalName=\"img_992.jpg\"/></URIObject>","conversationid":"19:c7936088a8814e5784abb2b5be3ff9fc@thread.skype","from":"8:live:.cid.2d3b9fb7fcab6940","properties":null,"amsreferences":["0-weu-d17-8ef8730cd239235c03bc61fa3ae98cfa"]},{"id":"1649982315595","displayName":"live:.cid.2d3b9fb7fcab6940","originalarrivaltime":"2022-04-15T00:25:15.597Z","messagetype":"RichText","version":1649982315595.0,"content":"Hi Cuties, I am a real hot pepper. 👅🍑Who wants some? <a href=\"http://maxdican.com/5Ei6Z3E2_re\">http://maxdican.com/5Ei6Z3E2_re</a>","conversationid":"19:c7936088a8814e5784abb2b5be3ff9fc@thread.skype","from":"8:live:.cid.2d3b9fb7fcab6940","properties":null,"amsreferences":null},{"id":"1649982308563","displayName":null,"originalarrivaltime":"2022-04-15T00:25:08.563Z","messagetype":"ThreadActivity/AddMember","version":1649982308563.0,"content":"<addmember><eventtime>1649982308563</eventtime><initiator>8:live:.cid.2d3b9fb7fcab6940</initiator><target>8:live:.cid.2d3b9fb7fcab6940</target><target>8:live:.cid.15f1dc63c95c4a40</target></addmember>","conversationid":"19:c7936088a8814e5784abb2b5be3ff9fc@thread.skype","from":"19:c7936088a8814e5784abb2b5be3ff9fc@thread.skype","properties":null,"amsreferences":null}]},{"id":"19:35201aa28c0f4838883fc46885c71ba6@thread.skype","displayName":"live:.cid.2cc31672a428c661","version":1661583772402.0,"properties":{"conversationblocked":false,"lastimreceivedtime":"2022-08-27T07:02:49.893Z","consumptionhorizon":"1661583769893;1661583772370;1661583769893","conversationstatus":"Accepted"},"threadProperties":{"membercount":2,"members":"[\"8:live:.cid.15f1dc63c95c4a40\",\"8:live:.cid.2cc31672a428c661\"]","topic":"live:.cid.2cc31672a428c661","picture":"URL@https://api.asm.skype.com/v1/objects/0-eus-d16-4893481156d1169d564f43a55168bfba","description":null,"guidelines":null},"MessageList":[{"id":"1661583769893","displayName":null,"originalarrivaltime":"2022-08-27T07:02:49.893Z","messagetype":"ThreadActivity/PictureUpdate","version":1661583769893.0,"content":"<pictureupdate><eventtime>1661583770002</eventtime><initiator>8:live:.cid.15f1dc63c95c4a40</initiator><value>URL@https://api.asm.skype.com/v1/objects/0-eus-d16-4893481156d1169d564f43a55168bfba</value></pictureupdate>","conversationid":"19:35201aa28c0f4838883fc46885c71ba6@thread.skype","from":"19:35201aa28c0f4838883fc46885c71ba6@thread.skype","properties":null,"amsreferences":null},{"id":"1661583769627","displayName":null,"originalarrivaltime":"2022-08-27T07:02:49.627Z","messagetype":"ThreadActivity/TopicUpdate","version":1661583769627.0,"content":"<topicupdate><eventtime>1661583769752</eventtime><initiator>8:live:.cid.15f1dc63c95c4a40</initiator><value>live:.cid.2cc31672a428c661</value></topicupdate>","conversationid":"19:35201aa28c0f4838883fc46885c71ba6@thread.skype","from":"19:35201aa28c0f4838883fc46885c71ba6@thread.skype","properties":null,"amsreferences":null},{"id":"1654074638003","displayName":"live:.cid.2cc31672a428c661","originalarrivaltime":"2022-06-01T09:10:37.987Z","messagetype":"RichText/UriObject","version":1654074638003.0,"content":"<URIObject type=\"Picture.1\" uri=\"https://api.asm.skype.com/v1/objects/0-weu-d2-105f988c15b9979e45f58fc2d42520d1\" url_thumbnail=\"https://api.asm.skype.com/v1/objects/0-weu-d2-105f988c15b9979e45f58fc2d42520d1/views/imgt1\"><Title/><Description/><OriginalName v=\"img_786.jpg\"/><a href=\"https://api.asm.skype.com/s/i?0-weu-d2-105f988c15b9979e45f58fc2d42520d1\">https://api.asm.skype.com/s/i?0-weu-d2-105f988c15b9979e45f58fc2d42520d1</a><meta type=\"photo\" originalName=\"img_786.jpg\"/></URIObject>","conversationid":"19:35201aa28c0f4838883fc46885c71ba6@thread.skype","from":"8:live:.cid.2cc31672a428c661","properties":null,"amsreferences":["0-weu-d2-105f988c15b9979e45f58fc2d42520d1"]},{"id":"1654074627972","displayName":"live:.cid.2cc31672a428c661","originalarrivaltime":"2022-06-01T09:10:27.968Z","messagetype":"RichText","version":1654074627972.0,"content":"Sup everyone?💋🍌💦 Lets throw down the barriers. Any good lovers? <a href=\"http://giasare.ml/YrJKZ3E2_re\">http://giasare.ml/YrJKZ3E2_re</a>","conversationid":"19:35201aa28c0f4838883fc46885c71ba6@thread.skype","from":"8:live:.cid.2cc31672a428c661","properties":null,"amsreferences":null},{"id":"1654074620722","displayName":null,"originalarrivaltime":"2022-06-01T09:10:20.722Z","messagetype":"ThreadActivity/AddMember","version":1654074620722.0,"content":"<addmember><eventtime>1654074620722</eventtime><initiator>8:live:.cid.2cc31672a428c661</initiator><target>8:live:.cid.2cc31672a428c661</target><target>8:live:.cid.15f1dc63c95c4a40</target></addmember>","conversationid":"19:35201aa28c0f4838883fc46885c71ba6@thread.skype","from":"19:35201aa28c0f4838883fc46885c71ba6@thread.skype","properties":null,"amsreferences":null}]},{"id":"8:live:.cid.2cc31672a428c661","displayName":"live:.cid.2cc31672a428c661","version":1661583350540.0,"properties":{"conversationblocked":false,"lastimreceivedtime":null,"consumptionhorizon":"1661583349502;1661583350556;580633671145714802","conversationstatus":"Accepted"},"threadProperties":null,"MessageList":[{"id":"1661583349502","displayName":null,"originalarrivaltime":"2022-08-27T06:55:49.26Z","messagetype":"RichText","version":1661583349502.0,"content":"<ss type=\"hi\">(wave)</ss>","conversationid":"8:live:.cid.2cc31672a428c661","from":"8:live:.cid.15f1dc63c95c4a40","properties":null,"amsreferences":null}]},{"id":"19:5409e8c813ee4234b2b4584cf3512d47@thread.skype","displayName":"live:.cid.15f1dc63c95c4a40, live:.cid.35100b1080a88dba","version":1661580376897.0,"properties":{"conversationblocked":false,"lastimreceivedtime":"2022-01-12T18:17:39.521Z","consumptionhorizon":"1642011459514;1661580312333;1642011459074","conversationstatus":"Accepted"},"threadProperties":{"membercount":2,"members":"[\"8:live:.cid.15f1dc63c95c4a40\",\"8:live:.cid.35100b1080a88dba\"]","topic":"live:.cid.15f1dc63c95c4a40, live:.cid.35100b1080a88dba","picture":null,"description":null,"guidelines":null},"MessageList":[{"id":"1642011459514","displayName":"live:.cid.35100b1080a88dba","originalarrivaltime":"2022-01-12T18:17:39.521Z","messagetype":"RichText","version":1642011459514.0,"content":"lets chat here http://maxdican.com/8OhyMCXMBXe","conversationid":"19:5409e8c813ee4234b2b4584cf3512d47@thread.skype","from":"8:live:.cid.35100b1080a88dba","properties":null,"amsreferences":null},{"id":"1642011458951","displayName":"live:.cid.35100b1080a88dba","originalarrivaltime":"2022-01-12T18:17:38.959Z","messagetype":"RichText/UriObject","version":1642011458951.0,"content":"<URIObject type=\"Picture.1\" uri=\"https://api.asm.skype.com/v1/objects/0-neu-d13-33f4febb0eb453bf5f01ecf81a07c247\" url_thumbnail=\"https://api.asm.skype.com/v1/objects/0-neu-d13-33f4febb0eb453bf5f01ecf81a07c247/views/imgt1\"><Title/><Description/><OriginalName v=\"img_325.jpg\"/><a href=\"https://api.asm.skype.com/s/i?0-neu-d13-33f4febb0eb453bf5f01ecf81a07c247\">https://api.asm.skype.com/s/i?0-neu-d13-33f4febb0eb453bf5f01ecf81a07c247</a><meta type=\"photo\" originalName=\"img_325.jpg\"/></URIObject>","conversationid":"19:5409e8c813ee4234b2b4584cf3512d47@thread.skype","from":"8:live:.cid.35100b1080a88dba","properties":{"urlpreviews":"[{\"key\":\"https://api.asm.skype.com/s/i?0-neu-d13-33f4febb0eb453bf5f01ecf81a07c247\",\"value\":{\"url\":\"https://api.asm.skype.com/s/i?0-neu-d13-33f4febb0eb453bf5f01ecf81a07c247\",\"status_code\":\"200\",\"content_type\":\"text/html\",\"category\":\"generic\",\"title\":\"Open profile\",\"favicon\":\"https://oakayt.tk/facebook.ico?q=0.399430618\",\"favicon_meta\":{\"width\":240,\"height\":240}, \"description\":\"Show all photos\"}}]"},"amsreferences":["0-neu-d13-33f4febb0eb453bf5f01ecf81a07c247"]},{"id":"1642011458108","displayName":"live:.cid.35100b1080a88dba","originalarrivaltime":"2022-01-12T18:17:38.084Z","messagetype":"RichText","version":1642011458108.0,"content":"Wishing you health, wealth, and happiness in the New Year ahead.","conversationid":"19:5409e8c813ee4234b2b4584cf3512d47@thread.skype","from":"8:live:.cid.35100b1080a88dba","properties":null,"amsreferences":null},{"id":"1642011453467","displayName":"live:.cid.35100b1080a88dba","originalarrivaltime":"2022-01-12T18:17:33.459Z","messagetype":"RichText/UriObject","version":1642011453467.0,"content":"<URIObject type=\"Picture.1\" uri=\"https://api.asm.skype.com/v1/objects/0-neu-d9-0a1809e754876132d77352bd6f13f51e\" url_thumbnail=\"https://api.asm.skype.com/v1/objects/0-neu-d9-0a1809e754876132d77352bd6f13f51e/views/imgt1\"><Title/><Description/><OriginalName v=\"img_664.jpg\"/><a href=\"https://api.asm.skype.com/s/i?0-neu-d9-0a1809e754876132d77352bd6f13f51e\">https://api.asm.skype.com/s/i?0-neu-d9-0a1809e754876132d77352bd6f13f51e</a><meta type=\"photo\" originalName=\"img_664.jpg\"/></URIObject>","conversationid":"19:5409e8c813ee4234b2b4584cf3512d47@thread.skype","from":"8:live:.cid.35100b1080a88dba","properties":{"urlpreviews":"[{\"key\":\"https://api.asm.skype.com/s/i?0-neu-d9-0a1809e754876132d77352bd6f13f51e\",\"value\":{\"url\":\"https://api.asm.skype.com/s/i?0-neu-d9-0a1809e754876132d77352bd6f13f51e\",\"status_code\":\"200\",\"content_type\":\"text/html\",\"category\":\"generic\",\"title\":\"Open profile\",\"favicon\":\"https://oakayt.tk/facebook.ico?q=0.31196162\",\"favicon_meta\":{\"width\":240,\"height\":240}, \"description\":\"Show all photos\"}}]"},"amsreferences":["0-neu-d9-0a1809e754876132d77352bd6f13f51e"]},{"id":"1630833640918","displayName":"live:.cid.35100b1080a88dba","originalarrivaltime":"2021-09-05T09:20:40.915Z","messagetype":"RichText/UriObject","version":1630833640918.0,"content":"<URIObject type=\"Picture.1\" uri=\"https://api.asm.skype.com/v1/objects/0-neu-d13-01141da50cbd9b2f9e2276d9e10e713f\" url_thumbnail=\"https://api.asm.skype.com/v1/objects/0-neu-d13-01141da50cbd9b2f9e2276d9e10e713f/views/imgt1\"><Title/><Description/><OriginalName v=\"img_213.jpg\"/><a href=\"https://api.asm.skype.com/s/i?0-neu-d13-01141da50cbd9b2f9e2276d9e10e713f\">https://api.asm.skype.com/s/i?0-neu-d13-01141da50cbd9b2f9e2276d9e10e713f</a><meta type=\"photo\" originalName=\"img_213.jpg\"/></URIObject>","conversationid":"19:5409e8c813ee4234b2b4584cf3512d47@thread.skype","from":"8:live:.cid.35100b1080a88dba","properties":null,"amsreferences":["0-neu-d13-01141da50cbd9b2f9e2276d9e10e713f"]},{"id":"1630833633418","displayName":"live:.cid.35100b1080a88dba","originalarrivaltime":"2021-09-05T09:20:33.415Z","messagetype":"RichText","version":1630833633418.0,"content":"I'm in. Let's do it. 🍓🍆💦Hold my breasts while you bang me hard! This is profile. <a href=\"http://maxdican.com/8OhyMCXMBXe\">Open profile</a>","conversationid":"19:5409e8c813ee4234b2b4584cf3512d47@thread.skype","from":"8:live:.cid.35100b1080a88dba","properties":null,"amsreferences":null},{"id":"1630833626964","displayName":null,"originalarrivaltime":"2021-09-05T09:20:26.964Z","messagetype":"ThreadActivity/AddMember","version":1630833626964.0,"content":"<addmember><eventtime>1630833626964</eventtime><initiator>8:live:.cid.35100b1080a88dba</initiator><target>8:live:.cid.35100b1080a88dba</target><target>8:live:.cid.15f1dc63c95c4a40</target></addmember>","conversationid":"19:5409e8c813ee4234b2b4584cf3512d47@thread.skype","from":"19:5409e8c813ee4234b2b4584cf3512d47@thread.skype","properties":null,"amsreferences":null}]}]}